"emp_no";"birth_date";"first_name";"last_name";"gender";"hire_date"
"10183";"17-Oct-1954";"Mechthild";"Bonifati";"M";"11-Aug-1996"
"11000";"12-Sep-1960";"Alain";"Bonifati";"M";"20-Aug-1988"
"13228";"11-Nov-1963";"Masali";"Bonifati";"M";"22-May-1993"
"14528";"22-Aug-1964";"Poornachandra";"Bondorf";"M";"04-Jan-1988"
"15391";"14-May-1961";"Cedric";"Bonifati";"M";"08-Feb-1986"
"15724";"07-Apr-1955";"Zengping";"Bondorf";"F";"06-Jun-1993"
"15760";"17-Feb-1957";"Gaetan";"Bondorf";"M";"31-Jan-1993"
"15852";"22-Oct-1964";"Nathalie";"Bonifati";"M";"01-Jun-1988"
"16533";"19-Dec-1961";"Sanjeeva";"Bondorf";"M";"11-Sep-1991"
"17592";"08-Feb-1962";"Franziska";"Bonifati";"M";"30-May-1987"
"17827";"23-Jul-1960";"Subhankar";"Bondorf";"F";"06-Jun-1988"
"18184";"27-Feb-1963";"Basil";"Bonifati";"M";"13-Nov-1991"
"20952";"11-Dec-1954";"Basim";"Bonifati";"M";"18-Jul-1991"
"22176";"11-Dec-1959";"Aimee";"Bonifati";"F";"27-Aug-1985"
"22936";"19-Apr-1958";"Irene";"Bonifati";"M";"13-Sep-1994"
"26499";"30-Jun-1960";"Xudong";"Bondorf";"M";"18-Jul-1985"
"26621";"10-Sep-1960";"Guiseppe";"Bonifati";"M";"25-Aug-1990"
"27133";"07-Aug-1963";"Lenore";"Bondorf";"M";"13-Jun-1997"
"27787";"17-Nov-1955";"Xinglin";"Bondorf";"M";"14-Jun-1988"
"28479";"04-Jul-1952";"Nahum";"Bondorf";"F";"17-Apr-1994"
"29128";"25-Jan-1956";"Akeno";"Bonifati";"M";"22-Dec-1989"
"29955";"21-Dec-1955";"Dannz";"Bondorf";"F";"02-Jun-1985"
"30135";"09-Jul-1963";"Salvador";"Bonifati";"M";"12-Jan-1992"
"30571";"26-Mar-1952";"Ziva";"Bonifati";"F";"07-Apr-1988"
"30751";"17-May-1959";"Tran";"Bonifati";"M";"15-Jun-1985"
"31223";"17-Mar-1959";"Uma";"Bonifati";"M";"04-Jun-1996"
"33897";"14-Jun-1953";"Mayuri";"Bondorf";"M";"29-Jul-1990"
"34194";"21-May-1960";"Kristof";"Bondorf";"M";"12-Mar-1989"
"37341";"05-Aug-1952";"Shimshon";"Bonifati";"F";"01-Dec-1989"
"39169";"30-Mar-1959";"Filipp";"Bondorf";"M";"20-Dec-1985"
"39507";"12-Apr-1952";"Theron";"Bondorf";"M";"22-Aug-1995"
"40400";"28-Aug-1955";"Vesna";"Bondorf";"M";"14-Apr-1989"
"41963";"04-Feb-1956";"Tua";"Bondorf";"F";"01-Dec-1987"
"42901";"29-Nov-1955";"Arch";"Bonifati";"F";"02-Oct-1990"
"43738";"25-Oct-1964";"Dietrich";"Bonifati";"F";"26-Jan-1998"
"48186";"29-Apr-1957";"Geraldo";"Bonifati";"F";"15-Aug-1986"
"48634";"28-Jun-1962";"Heejo";"Bondorf";"F";"17-Aug-1995"
"48991";"15-May-1958";"Taisook";"Bonifati";"M";"26-Jul-1985"
"49633";"26-Apr-1958";"Geoffrey";"Bonifati";"M";"29-Nov-1993"
"49696";"28-Sep-1952";"Sandeepan";"Bondorf";"M";"29-May-1985"
"50752";"15-Nov-1955";"Zongyan";"Bondorf";"M";"16-May-1991"
"51411";"13-Apr-1963";"Kristian";"Bonifati";"F";"04-May-1993"
"52634";"28-Nov-1954";"Torsten";"Bonifati";"F";"25-Mar-1991"
"54304";"03-Sep-1960";"Hatsukazu";"Bondorf";"F";"28-Jun-1987"
"54307";"13-Oct-1953";"Yuqun";"Bondorf";"F";"16-Nov-1986"
"54478";"20-Apr-1964";"Alair";"Bondorf";"M";"23-Nov-1990"
"54734";"23-Jun-1963";"Howell";"Bonifati";"M";"23-Mar-1996"
"54823";"13-Feb-1957";"Satyanarayana";"Bonifati";"M";"12-Dec-1991"
"54968";"04-Sep-1952";"Rafael";"Bondorf";"M";"28-Jan-1986"
"55263";"05-Mar-1962";"Jongsuk";"Bondorf";"F";"02-May-1993"
"55475";"24-Dec-1958";"Tonia";"Bonifati";"F";"22-Nov-1992"
"55992";"18-Sep-1959";"Yucel";"Bondorf";"M";"19-Feb-1988"
"56143";"21-Feb-1953";"Sakthirel";"Bondorf";"M";"06-Oct-1986"
"56719";"30-Jun-1954";"Pranav";"Bondorf";"M";"31-Jul-1997"
"56783";"29-Sep-1963";"Subhash";"Bondorf";"F";"23-Jun-1986"
"56861";"24-Feb-1952";"Premal";"Bondorf";"M";"18-Oct-1989"
"57119";"26-Oct-1953";"Aleksandar";"Bondorf";"M";"12-Aug-1987"
"57349";"12-Nov-1952";"Debaprosad";"Bondorf";"M";"17-Apr-1996"
"58584";"20-Feb-1960";"Ravishankar";"Bondorf";"M";"18-May-1994"
"58748";"23-May-1960";"Marek";"Bondorf";"M";"11-Jun-1992"
"60492";"05-Oct-1959";"Gregory";"Bondorf";"F";"15-Jul-1985"
"60538";"19-Feb-1956";"Mariangiola";"Bonifati";"M";"17-Dec-1996"
"60798";"16-Dec-1963";"Kenton";"Bonifati";"M";"18-Dec-1989"
"63174";"03-Dec-1958";"Aamod";"Bonifati";"F";"01-Mar-1992"
"63289";"03-May-1956";"Arun";"Bondorf";"F";"21-Apr-1988"
"63367";"30-Dec-1954";"Hatim";"Bondorf";"F";"22-Jul-1986"
"63568";"23-Feb-1955";"Toshimitsu";"Bondorf";"F";"20-Jun-1987"
"64247";"12-Apr-1955";"Uma";"Bonifati";"F";"14-Dec-1992"
"64332";"16-Dec-1964";"Steen";"Bondorf";"M";"23-Jun-1994"
"65135";"26-Jan-1961";"Kellyn";"Bonifati";"M";"14-May-1985"
"66507";"09-Jan-1960";"Etsuo";"Bondorf";"M";"10-Sep-1985"
"66695";"21-Oct-1953";"Mihalis";"Bondorf";"M";"04-Apr-1988"
"67045";"02-Mar-1962";"Poorav";"Bonifati";"M";"30-Aug-1988"
"67828";"03-Jun-1961";"Jordanka";"Bondorf";"M";"20-Dec-1988"
"67854";"30-Oct-1959";"Shaw";"Bonifati";"M";"20-Dec-1989"
"68883";"25-Jan-1958";"Rutger";"Bondorf";"F";"12-Aug-1988"
"69044";"29-Sep-1955";"Sariel";"Bonifati";"F";"20-Oct-1991"
"69154";"05-Aug-1962";"Zhilian";"Bondorf";"F";"21-Feb-1987"
"69216";"22-May-1953";"Yagil";"Bonifati";"F";"30-Apr-1987"
"69673";"19-Sep-1962";"Alper";"Bonifati";"M";"15-Nov-1985"
"70612";"17-May-1956";"Xiaoshan";"Bondorf";"F";"13-Dec-1985"
"71876";"10-May-1964";"Franziska";"Bonifati";"M";"18-Jul-1992"
"71948";"14-Sep-1954";"Angel";"Bonifati";"M";"03-Jun-1988"
"73237";"01-May-1952";"Sanjoy";"Bonifati";"M";"31-Jan-1987"
"74668";"01-Jan-1965";"Masako";"Bonifati";"F";"09-Apr-1987"
"74846";"16-Feb-1961";"Randy";"Bondorf";"F";"13-Apr-1987"
"75677";"01-Oct-1963";"Zhanqiu";"Bonifati";"F";"20-Feb-1990"
"76129";"11-Sep-1964";"Abdelghani";"Bondorf";"M";"28-Apr-1987"
"77819";"07-Mar-1964";"Kiyokazu";"Bondorf";"F";"08-Feb-1989"
"77994";"27-Aug-1961";"Gill";"Bonifati";"M";"26-May-1993"
"78399";"08-Dec-1956";"Reinhold";"Bonifati";"M";"28-Sep-1991"
"80395";"04-Feb-1955";"Oscal";"Bondorf";"M";"16-Feb-1994"
"80848";"08-Feb-1959";"Souichi";"Bonifati";"F";"20-Jun-1992"
"80874";"14-Apr-1956";"Huei";"Bondorf";"M";"28-Jun-1987"
"81109";"20-Aug-1954";"Fatemeh";"Bonifati";"M";"22-May-1997"
"82283";"23-Jul-1962";"Xinglin";"Bonifati";"M";"12-Mar-1985"
"82645";"08-Mar-1962";"Achilleas";"Bonifati";"F";"26-May-1991"
"84248";"16-Jun-1964";"Mantis";"Bondorf";"M";"16-Apr-1996"
"84293";"29-Feb-1960";"Udaiprakash";"Bondorf";"M";"23-Dec-1986"
"84665";"16-Mar-1956";"Raimond";"Bonifati";"M";"22-Aug-1989"
"87957";"14-Jun-1960";"Kiyotoshi";"Bonifati";"M";"27-Dec-1987"
"88381";"28-Jul-1952";"Jackson";"Bondorf";"M";"26-Mar-1987"
"88386";"05-Jul-1955";"Jiann";"Bondorf";"M";"01-Jan-1986"
"89639";"25-Jun-1959";"Shugo";"Bondorf";"M";"29-Nov-1990"
"89767";"14-Mar-1952";"Minghong";"Bonifati";"M";"28-Feb-1988"
"89909";"22-Sep-1961";"Gao";"Bonifati";"F";"28-May-1994"
"90137";"24-Sep-1958";"Mara";"Bondorf";"F";"22-May-1988"
"90524";"19-Jun-1960";"Jasminko";"Bondorf";"M";"13-Sep-1985"
"90553";"13-Jun-1959";"Bezalel";"Bondorf";"F";"10-Jan-1987"
"92120";"09-Aug-1961";"Vitali";"Bondorf";"M";"14-Aug-1987"
"92337";"28-Apr-1959";"Renee";"Bonifati";"F";"19-Jan-1987"
"92720";"31-Mar-1954";"Sungwon";"Bondorf";"F";"07-Jun-1988"
"96815";"29-Jul-1963";"Anyuan";"Bonifati";"F";"24-Dec-1992"
"97582";"20-Aug-1955";"Brigham";"Bonifati";"F";"01-Dec-1985"
"99242";"16-Apr-1958";"Navid";"Bonifati";"M";"13-Sep-1988"
"99454";"25-Jul-1962";"Maren";"Bonifati";"M";"03-Oct-1995"
"99551";"03-Dec-1962";"Hisao";"Bondorf";"M";"27-Mar-1985"
"100080";"19-Apr-1953";"Rafael";"Bonifati";"F";"29-Apr-1989"
"100670";"06-Oct-1955";"Hideyuki";"Bonifati";"M";"30-Oct-1991"
"101099";"26-Jan-1957";"Domenick";"Bonifati";"M";"11-Jun-1991"
"101956";"13-Aug-1954";"Bernice";"Bonifati";"M";"12-Nov-1991"
"103070";"31-Aug-1963";"Lenore";"Bondorf";"M";"03-Sep-1988"
"103244";"07-Nov-1962";"Utz";"Bonifati";"F";"02-Dec-1991"
"103773";"07-Aug-1955";"Radoslaw";"Bonifati";"F";"15-Feb-1992"
"108036";"26-Aug-1960";"Yuqun";"Bonifati";"M";"24-Dec-1995"
"108908";"27-Jul-1963";"Flemming";"Bondorf";"M";"08-Oct-1996"
"109042";"26-Aug-1956";"Tiina";"Bondorf";"M";"08-Feb-1993"
"200180";"23-Jun-1957";"Ziyad";"Bonifati";"M";"12-Dec-1991"
"201281";"20-Sep-1964";"Jiakeng";"Bondorf";"F";"08-Jun-1988"
"201726";"14-Dec-1964";"Gila";"Bonifati";"M";"31-Aug-1997"
"201855";"18-Apr-1963";"Venkatesan";"Bondorf";"F";"31-Mar-1986"
"202642";"23-Mar-1952";"Zorica";"Bondorf";"M";"22-Mar-1992"
"203252";"20-Feb-1956";"Zongyan";"Bondorf";"F";"31-Aug-1986"
"203572";"21-Mar-1959";"Leah";"Bonifati";"F";"28-Mar-1987"
"203925";"18-Sep-1956";"Aiichiro";"Bonifati";"M";"13-Jul-1987"
"205650";"15-Dec-1953";"Yucai";"Bonifati";"M";"25-Sep-1993"
"206303";"28-Jul-1958";"Dannz";"Bondorf";"M";"03-Feb-1986"
"207033";"28-Aug-1958";"Sorina";"Bonifati";"F";"20-Feb-1989"
"207872";"29-Jul-1963";"Fumiyo";"Bondorf";"M";"18-Aug-1990"
"207987";"23-Dec-1953";"Caolyn";"Bondorf";"F";"16-Jan-1987"
"208061";"16-Oct-1964";"Domenico";"Bonifati";"M";"17-Mar-1986"
"209295";"04-Jul-1962";"Jackson";"Bondorf";"M";"15-Nov-1987"
"209554";"19-Jun-1955";"Kazuhiro";"Bondorf";"F";"20-Sep-1990"
"209856";"05-May-1959";"Badri";"Bondorf";"F";"06-May-1994"
"210141";"28-Dec-1961";"Xinan";"Bonifati";"F";"19-Sep-1985"
"211044";"23-Apr-1952";"DeForest";"Bonifati";"M";"05-Aug-1991"
"213944";"04-Jun-1953";"Goetz";"Bondorf";"F";"07-Apr-1987"
"214431";"19-Oct-1962";"Snehasis";"Bonifati";"F";"20-Jul-1989"
"215797";"28-Mar-1957";"Ymte";"Bondorf";"M";"02-Jan-1993"
"216355";"10-Jan-1961";"Shigeo";"Bonifati";"F";"11-Mar-1996"
"218205";"01-Aug-1957";"Sedat";"Bondorf";"M";"11-Apr-1988"
"218741";"05-Feb-1954";"Hyuncheol";"Bonifati";"M";"26-Oct-1988"
"219006";"24-Jul-1953";"Hsiangchu";"Bonifati";"F";"16-Jan-1996"
"219043";"05-Aug-1958";"Hairong";"Bondorf";"M";"11-Mar-1985"
"219355";"19-Jun-1953";"Paloma";"Bondorf";"M";"28-Feb-1990"
"219371";"27-Dec-1964";"Somnath";"Bondorf";"F";"31-Jul-1996"
"219647";"18-Sep-1952";"Teruyuki";"Bonifati";"F";"20-May-1993"
"220468";"22-Aug-1959";"Candido";"Bondorf";"M";"16-Jun-1992"
"221063";"13-Oct-1959";"Mayumi";"Bondorf";"M";"15-May-1989"
"222149";"21-Nov-1961";"Arto";"Bondorf";"F";"11-May-1985"
"222654";"24-Jul-1960";"Kristine";"Bondorf";"F";"22-Sep-1986"
"223211";"16-May-1963";"Lene";"Bonifati";"F";"07-Feb-1987"
"223277";"07-Apr-1961";"Danel";"Bonifati";"M";"01-Oct-1992"
"225140";"16-Sep-1964";"Sachio";"Bonifati";"M";"05-Dec-1985"
"226246";"26-Jan-1958";"Wonhee";"Bondorf";"F";"09-Jan-1990"
"226823";"07-Dec-1964";"Khun";"Bondorf";"M";"16-Apr-1993"
"230408";"19-Dec-1963";"Pantung";"Bonifati";"F";"16-Aug-1989"
"231350";"01-Mar-1960";"Jaihie";"Bondorf";"M";"11-Dec-1985"
"231447";"03-Jul-1961";"Chirstian";"Bonifati";"M";"30-May-1986"
"232236";"06-Sep-1954";"Xiaoshan";"Bonifati";"M";"12-Jan-1990"
"232455";"17-Apr-1954";"Sreekrishna";"Bonifati";"F";"28-Aug-1991"
"233034";"14-Sep-1954";"Kiyotoshi";"Bondorf";"F";"27-Jan-1998"
"234323";"10-Jan-1955";"Mitchel";"Bondorf";"F";"03-Nov-1993"
"235152";"26-Jun-1960";"Mohammed";"Bondorf";"M";"06-Feb-1988"
"235388";"16-May-1961";"Shim";"Bonifati";"M";"30-Jul-1987"
"235710";"25-Jan-1954";"Sachem";"Bonifati";"M";"22-Dec-1986"
"237429";"25-Apr-1952";"Juichirou";"Bonifati";"F";"25-Nov-1991"
"237453";"13-Jun-1963";"Tetsurou";"Bondorf";"F";"27-Nov-1992"
"237553";"15-May-1962";"Ortrun";"Bonifati";"M";"08-May-1986"
"238904";"11-May-1956";"Cheong";"Bondorf";"F";"26-Mar-1986"
"239978";"18-Nov-1953";"Tran";"Bondorf";"M";"07-Jan-1995"
"240593";"10-Feb-1959";"Gian";"Bondorf";"F";"04-Sep-1989"
"242205";"27-Oct-1958";"Ronghao";"Bonifati";"M";"29-Oct-1988"
"242451";"27-Jun-1954";"Jiann";"Bondorf";"M";"16-Sep-1992"
"242811";"18-Apr-1957";"Alain";"Bonifati";"M";"24-Feb-1993"
"243091";"19-Sep-1954";"Kristian";"Bonifati";"M";"15-Sep-1997"
"243273";"24-Feb-1956";"Arie";"Bonifati";"F";"04-Dec-1985"
"243997";"02-Jul-1959";"Yurii";"Bonifati";"M";"17-Nov-1991"
"244637";"11-Oct-1958";"Uzi";"Bondorf";"F";"27-Nov-1987"
"245868";"01-Nov-1958";"Leandro";"Bondorf";"M";"05-Sep-1986"
"246022";"28-May-1959";"Vitaly";"Bondorf";"F";"05-Nov-1995"
"247377";"13-Aug-1953";"Yurij";"Bondorf";"M";"30-Mar-1988"
"249003";"11-Jul-1953";"Saniya";"Bondorf";"M";"18-Jul-1987"
"249722";"31-Jan-1960";"Sverrir";"Bondorf";"M";"27-Jul-1986"
"250401";"25-Sep-1962";"Keung";"Bonifati";"F";"14-Dec-1992"
"250651";"24-Oct-1962";"Dzung";"Bonifati";"F";"29-May-1996"
"250674";"19-Nov-1964";"Serge";"Bonifati";"M";"10-Dec-1987"
"250772";"02-Sep-1958";"Aloys";"Bonifati";"M";"28-Sep-1985"
"252264";"18-Apr-1963";"Masami";"Bondorf";"M";"18-Dec-1985"
"252429";"28-Dec-1964";"Serap";"Bonifati";"M";"14-Apr-1987"
"252914";"27-Dec-1960";"Arne";"Bondorf";"M";"14-Mar-1988"
"253717";"12-Oct-1953";"Tommaso";"Bondorf";"F";"10-Oct-1989"
"253760";"08-Nov-1960";"King";"Bondorf";"M";"23-Jan-1988"
"254881";"30-Aug-1961";"Manibrata";"Bondorf";"F";"11-May-1992"
"254882";"06-Oct-1955";"Arunas";"Bondorf";"M";"10-Oct-1987"
"255390";"11-Mar-1964";"Nadjib";"Bondorf";"M";"30-Mar-1990"
"255606";"18-Sep-1952";"Elvis";"Bonifati";"M";"22-Dec-1997"
"255901";"08-May-1957";"Rafols";"Bonifati";"M";"15-May-1987"
"256903";"01-Oct-1960";"Jovan";"Bondorf";"F";"18-Apr-1994"
"257677";"30-Oct-1952";"Doowon";"Bondorf";"F";"04-Dec-1987"
"257904";"16-Jun-1959";"Aksel";"Bondorf";"M";"20-Sep-1990"
"258508";"27-Oct-1961";"Persi";"Bonifati";"M";"18-Feb-1996"
"258675";"26-Apr-1952";"Reuven";"Bonifati";"M";"13-Dec-1990"
"258769";"31-Dec-1956";"Khun";"Bonifati";"M";"24-May-1988"
"260888";"26-Apr-1956";"Mingzeng";"Bondorf";"F";"25-Jan-1987"
"261209";"30-Aug-1960";"Odoardo";"Bonifati";"F";"25-May-1993"
"261524";"24-May-1962";"Tesuya";"Bondorf";"M";"27-Apr-1994"
"261948";"08-Oct-1964";"Masaru";"Bonifati";"F";"24-Mar-1994"
"262331";"18-May-1952";"Steve";"Bondorf";"F";"21-Oct-1989"
"262356";"18-Jun-1963";"Yuping";"Bonifati";"F";"23-Sep-1988"
"262530";"05-Jul-1955";"Yuping";"Bondorf";"M";"30-Oct-1987"
"264467";"17-Sep-1964";"Abdelwaheb";"Bondorf";"M";"19-Sep-1993"
"264692";"02-Sep-1952";"Persi";"Bondorf";"F";"04-Aug-1991"
"265111";"23-Oct-1960";"Miyeon";"Bondorf";"F";"17-Oct-1996"
"265910";"07-May-1959";"Yonghoan";"Bonifati";"F";"05-Mar-1992"
"266216";"24-Aug-1960";"Nobuyoshi";"Bondorf";"M";"02-Oct-1986"
"266379";"16-Jan-1958";"Kien";"Bondorf";"F";"26-Sep-1987"
"268922";"14-Apr-1955";"Eishiro";"Bonifati";"F";"26-Apr-1985"
"269628";"27-Nov-1957";"Tsutomu";"Bondorf";"M";"03-Aug-1994"
"272113";"06-Oct-1964";"Sandeepan";"Bonifati";"F";"24-Jul-1990"
"272191";"06-Sep-1962";"Yinghua";"Bonifati";"M";"04-Oct-1992"
"272900";"19-Oct-1963";"Clyde";"Bondorf";"M";"12-Mar-1987"
"273447";"31-May-1955";"Saddek";"Bonifati";"M";"28-Mar-1990"
"273532";"23-Jan-1953";"Sivanarayana";"Bonifati";"M";"11-Dec-1985"
"274350";"07-Aug-1957";"Lakshmi";"Bondorf";"F";"08-Mar-1989"
"274650";"05-Feb-1959";"Yakichi";"Bondorf";"F";"01-Jun-1999"
"275492";"10-Oct-1956";"Tru";"Bonifati";"M";"15-Dec-1992"
"276122";"05-Dec-1964";"Phule";"Bonifati";"F";"10-May-1985"
"276424";"02-May-1964";"Fay";"Bonifati";"M";"02-Jun-1994"
"277171";"23-Mar-1959";"Ennio";"Bondorf";"M";"07-Jul-1991"
"277332";"16-Jan-1954";"Chaitali";"Bondorf";"M";"14-May-1990"
"277412";"11-Dec-1958";"Chenxi";"Bondorf";"F";"16-Nov-1993"
"277762";"25-Mar-1952";"Fusako";"Bondorf";"M";"01-Dec-1986"
"278226";"23-May-1961";"Shiv";"Bonifati";"M";"24-May-1986"
"278612";"03-Apr-1958";"Richara";"Bondorf";"M";"16-Jun-1987"
"279300";"06-Mar-1953";"Tomokazu";"Bondorf";"F";"26-Mar-1985"
"279336";"27-Aug-1952";"Moss";"Bonifati";"F";"08-Jan-1986"
"281331";"03-Jan-1956";"Visit";"Bonifati";"F";"11-Aug-1987"
"281975";"25-Nov-1955";"Marl";"Bondorf";"M";"11-Dec-1985"
"282020";"09-May-1958";"Domenick";"Bonifati";"M";"12-May-1985"
"282425";"10-Feb-1963";"Tua";"Bonifati";"F";"19-Jul-1987"
"283710";"27-Sep-1959";"Marsal";"Bondorf";"M";"20-Dec-1985"
"284120";"16-Feb-1962";"Arup";"Bondorf";"M";"24-Jun-1988"
"285003";"04-Jun-1952";"Phillip";"Bonifati";"F";"28-Aug-1993"
"285373";"18-Jun-1963";"Shahab";"Bondorf";"F";"21-Apr-1987"
"287575";"20-Apr-1961";"Tuval";"Bonifati";"F";"06-May-1985"
"287621";"01-Jun-1956";"Reinhold";"Bondorf";"F";"12-Jul-1989"
"287745";"13-Oct-1952";"Keiichiro";"Bonifati";"M";"16-Feb-1987"
"287903";"10-Jun-1964";"Bilhanan";"Bondorf";"M";"05-Jun-1989"
"288753";"31-Aug-1953";"Guther";"Bondorf";"M";"17-Apr-1986"
"288754";"29-Feb-1960";"Jiafu";"Bonifati";"M";"02-Jan-1991"
"289310";"10-Feb-1962";"Krassimir";"Bonifati";"M";"28-Jun-1986"
"289963";"23-Nov-1956";"Kwee";"Bondorf";"F";"11-May-1998"
"291983";"13-Mar-1959";"Aruna";"Bondorf";"M";"11-Dec-1987"
"292080";"03-Jan-1955";"Akeel";"Bondorf";"M";"05-Jul-1991"
"292112";"24-Jul-1963";"Ewing";"Bondorf";"M";"12-Sep-1997"
"292951";"23-Dec-1959";"Arne";"Bondorf";"F";"09-May-1992"
"293843";"25-Sep-1960";"Lakshmi";"Bondorf";"M";"27-Jun-1990"
"293849";"22-Dec-1952";"Brigham";"Bondorf";"M";"11-Oct-1987"
"294014";"25-Jul-1956";"Sariel";"Bondorf";"F";"12-Jan-1991"
"294982";"03-Dec-1957";"Tiina";"Bonifati";"F";"23-Sep-1996"
"295261";"18-Jul-1956";"Radhia";"Bondorf";"M";"19-Jan-1990"
"295428";"08-Apr-1955";"Alselm";"Bonifati";"M";"14-Mar-1988"
"297990";"19-Aug-1958";"Owen";"Bondorf";"M";"03-Jul-1985"
"299921";"14-Apr-1954";"Hatem";"Bondorf";"M";"25-Feb-1985"
"401613";"31-Jan-1964";"Nakhoon";"Bonifati";"F";"10-Mar-1991"
"402746";"09-Oct-1964";"Younwoo";"Bondorf";"M";"13-Aug-1989"
"403880";"16-Apr-1955";"Masaki";"Bonifati";"F";"21-Apr-1987"
"404030";"26-Dec-1960";"Divier";"Bondorf";"F";"18-Sep-1986"
"407218";"22-Jul-1964";"Marie";"Bondorf";"M";"14-Apr-1994"
"408154";"23-Apr-1956";"Noritoshi";"Bondorf";"F";"13-Nov-1993"
"408396";"24-Dec-1952";"Karoline";"Bondorf";"M";"22-Sep-1993"
"409188";"29-May-1953";"Xianlong";"Bonifati";"M";"30-Mar-1986"
"410402";"21-Feb-1962";"Parviz";"Bonifati";"F";"16-Feb-1994"
"411576";"07-Aug-1953";"Mark";"Bonifati";"F";"07-Apr-1991"
"411797";"06-Aug-1954";"Josyula";"Bondorf";"M";"20-Dec-1985"
"412981";"28-Sep-1963";"Shrikanth";"Bonifati";"M";"19-Jul-1987"
"413417";"04-Nov-1952";"Hongzue";"Bonifati";"F";"31-Mar-1991"
"414988";"24-Mar-1952";"Chandrasekaran";"Bondorf";"F";"28-Jan-1995"
"415929";"30-Sep-1961";"Kazuhisa";"Bonifati";"M";"24-Apr-1988"
"415950";"14-May-1952";"Nathan";"Bonifati";"F";"31-Jul-1985"
"416809";"01-Jan-1962";"Ashish";"Bondorf";"M";"09-Sep-1986"
"417340";"07-Aug-1957";"Maris";"Bondorf";"M";"30-Jun-1991"
"417465";"30-Nov-1957";"Godehard";"Bonifati";"M";"30-Aug-1988"
"418061";"06-Oct-1958";"Jaques";"Bonifati";"M";"05-Jul-1997"
"419677";"25-Oct-1961";"Elgin";"Bondorf";"M";"14-Oct-1986"
"420196";"27-Mar-1959";"Zsolt";"Bonifati";"M";"03-Oct-1993"
"420866";"08-Oct-1960";"Kristin";"Bondorf";"M";"16-Jan-1989"
"421998";"24-Oct-1961";"Shugo";"Bonifati";"F";"02-Jul-1995"
"422764";"30-Jan-1958";"Sandeepan";"Bonifati";"F";"08-Sep-1986"
"425623";"15-Jun-1956";"Taisook";"Bondorf";"M";"28-Jul-1989"
"426396";"06-May-1955";"Mrinalini";"Bonifati";"F";"22-Sep-1985"
"428393";"01-Dec-1963";"Maria";"Bonifati";"M";"11-Feb-1996"
"430415";"23-Jan-1963";"Kellyn";"Bondorf";"M";"07-Feb-1987"
"431546";"06-Mar-1956";"Haldun";"Bondorf";"M";"29-Mar-1986"
"431710";"06-Feb-1963";"Marko";"Bonifati";"F";"06-Aug-1993"
"432367";"02-Sep-1953";"Huiqun";"Bondorf";"F";"16-Sep-1987"
"433567";"07-Feb-1963";"Hongzhu";"Bondorf";"F";"24-Dec-1987"
"434249";"07-May-1955";"Malu";"Bonifati";"F";"18-Jan-1986"
"434695";"29-Jan-1962";"Tzvetan";"Bondorf";"M";"22-Dec-1987"
"435326";"15-May-1952";"Subir";"Bonifati";"F";"07-Sep-1985"
"436453";"10-Sep-1954";"DAIDA";"Bondorf";"M";"29-Oct-1995"
"436649";"12-Oct-1953";"Larisa";"Bondorf";"F";"24-Jun-1992"
"438112";"16-Jul-1960";"Paraskevi";"Bonifati";"M";"05-Feb-1989"
"438478";"11-Jan-1957";"Felicidad";"Bondorf";"M";"23-Nov-1988"
"438678";"22-Aug-1958";"Gully";"Bondorf";"F";"15-May-1995"
"438884";"05-Dec-1961";"Terresa";"Bondorf";"F";"21-Jul-1986"
"440845";"01-Apr-1962";"Xuedong";"Bondorf";"M";"10-May-1991"
"442088";"01-Sep-1954";"Fumiya";"Bonifati";"F";"13-Jan-1989"
"442106";"11-Aug-1964";"Masaru";"Bonifati";"M";"11-Jun-1994"
"442301";"06-Nov-1962";"Tse";"Bondorf";"M";"30-Oct-1993"
"443173";"05-Apr-1955";"Yuping";"Bondorf";"M";"26-Dec-1992"
"444248";"13-May-1954";"Gianluca";"Bonifati";"F";"13-Sep-1995"
"447777";"31-Dec-1956";"Yongmao";"Bonifati";"M";"29-Oct-1985"
"448540";"09-Jan-1956";"Mang";"Bonifati";"F";"23-Mar-1989"
"448959";"14-Feb-1957";"Amabile";"Bonifati";"F";"16-Aug-1992"
"450048";"15-Jan-1954";"Frazer";"Bondorf";"M";"19-Jul-1987"
"451089";"14-Aug-1959";"Conor";"Bonifati";"M";"27-Dec-1995"
"451333";"15-Jan-1965";"Radhika";"Bonifati";"M";"02-Aug-1991"
"452928";"25-May-1952";"Etsuo";"Bondorf";"M";"15-Apr-1985"
"454014";"26-Sep-1952";"Nectarios";"Bonifati";"M";"01-Aug-1989"
"454113";"02-Feb-1964";"Zsolt";"Bonifati";"M";"20-Jun-1989"
"454747";"16-May-1957";"Adas";"Bonifati";"M";"14-Sep-1999"
"458890";"13-Dec-1959";"Wonhee";"Bondorf";"M";"02-Mar-1990"
"459954";"01-Sep-1962";"Arnd";"Bondorf";"M";"30-Sep-1989"
"460399";"22-Jun-1955";"Nishit";"Bondorf";"F";"26-Apr-1999"
"462550";"27-Jun-1961";"Premal";"Bonifati";"F";"13-Nov-1985"
"462928";"28-Mar-1962";"Mansur";"Bondorf";"M";"06-Jun-1991"
"463846";"21-Nov-1959";"Anneli";"Bondorf";"F";"11-May-1985"
"464527";"20-Dec-1957";"Kousuke";"Bondorf";"F";"25-May-1995"
"464859";"27-Oct-1952";"Hyuncheol";"Bonifati";"F";"17-Apr-1986"
"465591";"24-Sep-1961";"Xumin";"Bonifati";"M";"09-Mar-1989"
"466375";"06-Jun-1963";"Cristinel";"Bondorf";"F";"12-Jul-1990"
"466515";"20-Jul-1963";"Shigehiro";"Bondorf";"M";"30-Oct-1990"
"467019";"30-Oct-1963";"Xiaopeng";"Bondorf";"M";"21-Dec-1986"
"467229";"23-Aug-1955";"Debaprosad";"Bonifati";"M";"13-Aug-1991"
"467441";"13-Jan-1965";"Margareta";"Bondorf";"M";"07-Nov-1988"
"467467";"09-Jul-1955";"Alois";"Bonifati";"M";"25-Feb-1995"
"469517";"04-Apr-1958";"Kazuhiko";"Bondorf";"M";"06-Aug-1992"
"469519";"18-Feb-1964";"Weidon";"Bonifati";"F";"27-Sep-1995"
"469993";"08-Oct-1961";"Selwyn";"Bonifati";"F";"12-Apr-1994"
"470398";"04-Feb-1956";"Taizo";"Bondorf";"M";"13-Apr-1986"
"471345";"02-Apr-1963";"Renny";"Bonifati";"F";"17-May-1992"
"471355";"30-Oct-1959";"Remzi";"Bonifati";"M";"11-Nov-1985"
"472003";"24-Apr-1953";"Elrique";"Bondorf";"M";"17-Jul-1989"
"472591";"01-Mar-1953";"Eckart";"Bondorf";"F";"15-Jun-1987"
"472867";"12-Sep-1952";"Zito";"Bondorf";"M";"11-Jun-1985"
"474144";"14-Jun-1964";"Yurii";"Bondorf";"F";"19-Jun-1989"
"475516";"21-Aug-1957";"Vidar";"Bonifati";"F";"21-Jun-1985"
"475852";"27-Jul-1962";"Sachar";"Bondorf";"M";"31-Jul-1992"
"476152";"21-Oct-1962";"Ottavia";"Bondorf";"M";"27-Jul-1991"
"476173";"11-Sep-1964";"Jenwei";"Bondorf";"M";"13-Dec-1991"
"477851";"08-Aug-1954";"Mohan";"Bonifati";"M";"02-Jul-1993"
"478395";"06-May-1955";"Wonhee";"Bondorf";"M";"21-Mar-1988"
"478849";"08-Apr-1952";"Mahmut";"Bonifati";"M";"17-May-1994"
"478970";"12-Jan-1961";"Erez";"Bonifati";"F";"19-Jun-1985"
"479286";"03-Sep-1964";"Berthier";"Bondorf";"M";"17-Oct-1986"
"480604";"22-Sep-1958";"Hatsukazu";"Bondorf";"M";"13-Jun-1992"
"480730";"28-Aug-1955";"Masami";"Bonifati";"M";"12-Apr-1988"
"481496";"03-Mar-1953";"Christoph";"Bonifati";"F";"18-Mar-1988"
"482115";"25-Jun-1956";"Leszek";"Bondorf";"M";"17-Apr-1990"
"482257";"14-Sep-1956";"Barton";"Bonifati";"M";"30-Jun-1988"
"482688";"16-Jun-1955";"Kish";"Bonifati";"M";"13-Jul-1994"
"483383";"25-Aug-1962";"Mingdong";"Bondorf";"F";"02-Aug-1988"
"483622";"13-May-1959";"Radhia";"Bondorf";"F";"07-Jul-1990"
"484006";"26-Mar-1957";"Debaprosad";"Bonifati";"F";"27-Jul-1987"
"484262";"22-Dec-1955";"Sushant";"Bonifati";"F";"28-Sep-1986"
"484356";"14-Jan-1955";"Narain";"Bonifati";"M";"29-Jun-1986"
"485008";"31-Mar-1961";"Makato";"Bonifati";"M";"17-May-1985"
"485511";"27-Aug-1954";"Yongqiao";"Bondorf";"M";"13-Apr-1990"
"485891";"03-Dec-1955";"Jinya";"Bonifati";"F";"01-Oct-1992"
"486921";"10-Nov-1959";"Tzu";"Bonifati";"M";"13-Jun-1990"
"489389";"18-Jun-1952";"Claude";"Bonifati";"F";"28-Aug-1987"
"489647";"03-Apr-1964";"Tomokazu";"Bondorf";"F";"26-Mar-1990"
"489926";"26-Dec-1953";"Aksel";"Bondorf";"F";"31-Jan-1991"
"491837";"07-May-1963";"Sajjan";"Bondorf";"M";"14-May-1987"
"492353";"15-Nov-1958";"Dines";"Bonifati";"M";"27-Jun-1993"
"493078";"13-Jan-1962";"Kasidit";"Bonifati";"M";"30-Mar-1992"
"493437";"01-Oct-1962";"Valeska";"Bondorf";"M";"16-Sep-1986"
"494708";"12-Mar-1953";"Yuguang";"Bonifati";"F";"14-Oct-1990"
"494838";"28-Jun-1963";"Stepehn";"Bondorf";"M";"15-Feb-1986"
"495800";"15-Apr-1963";"Ugo";"Bondorf";"F";"28-Dec-1985"
"496128";"31-Jan-1960";"Marsha";"Bonifati";"F";"11-Oct-1986"
"496685";"23-Feb-1953";"Valeska";"Bonifati";"F";"11-Apr-1991"
"497475";"16-Nov-1953";"Munehiko";"Bonifati";"F";"16-Nov-1987"
